type_ownership;cod_building;Nome Edificio;Descrizione Edificio;Indirizzo;city;type_property
EDI;IT061022000022;immobile PIF-1;LICEO CLASSICO;CORSO GIANNONE;061022;Proprietà
EDI;IT061022000023;immobile PIF-2;SCUOLA ELE. MATERNA;CORSO GIANNONE;061022;Proprietà
EDI;IT061022000024;immobile PIF-3;SCUOLA ELE. MATERNA;VIA ROMA ;061022;Proprietà
EDI;IT061022000025;immobile PIF-4;SCUOLA  ELEMENTARE;VIA S.VITO-ERCOLE;061022;Proprietà
EDI;IT061022000026;immobile PIF-5;SCUOLA  ELEMENTARE;VIA CHIANALE-PUCCIANIELLO;061022;Proprietà
EDI;IT061022000027;immobile PIF-6;SCUOLA  ELEMENTARE;VIA LANDI BRIANO;061022;Proprietà
EDI;IT061022000028;immobile PIF-7;SCUOLA  ELEMENTARE;VIA TIFATINA- S.BARBARA;061022;Proprietà
EDI;IT061022000029;immobile PIF-8;SCUOLA  ELEMENTARE;VIALE LINCOLN -  II TRATTO;061022;Proprietà
EDI;IT061022000030;immobile PIF-9;SCUOLA  ELEMENTARE;VIA GALATINA S.CLEMENTE;061022;Proprietà
EDI;IT061022000031;immobile PIF-10;SCUOLA  ELEMENTARE;VIA VACCHERIA-S.LEUCIO;061022;Proprietà
EDI;IT061022000032;immobile PIF-11;SCUOLA MATERNA;CORSO GIANNONE;061022;Proprietà
EDI;IT061022000033;immobile PIF-12;SCUOLA MATERNA;VIA BENEVENTO;061022;Proprietà
EDI;IT061022000034;immobile PIF-13;SCUOLA MATERNA;PIAZZA CAVOUR;061022;Proprietà
EDI;IT061022000035;immobile PF-14;SCUOLA MEDIA;VIA PIGNA TUORO;061022;Proprietà
EDI;IT061022000036;immobile PIF-15;SCUOLA MATERNA;PARCO CERASOLE;061022;Proprietà
EDI;IT061022000037;immobile PIF-16;ASILO NIDO;VIA CILEA;061022;Proprietà
EDI;IT061022000038;immobile PIF-17;SCUOLA MATERNA;VIA AMENDOLA;061022;Proprietà
EDI;IT061022000039;immobile PIF-18;SCUOLA MATERNA;VIA GIARDINI REALI-S.LEUCIO;061022;Proprietà
EDI;IT061022000040;immobile PIF-19;SCUOLA MATERNA;VIALE BENEDUCE;061022;Proprietà
EDI;IT061022000041;immobile PIF-20;SCUOLA  ELEMENTARE;VIA KENNEDY;061022;Proprietà
EDI;IT061022000042;immobile PIF-21;SCUOLA  ELEMENTARE;VIALE CAPPIELLO;061022;Proprietà
EDI;IT061022000043;immobile PIF-22;SCUOLA  ELEMENTARE;PIAZZA CAVOUR;061022;Proprietà
EDI;IT061022000044;immobile PIF-23;SCUOLA  ELEMENTARE;RIONE VANVITELLI;061022;Proprietà
EDI;IT061022000045;immobile PIF-24;SCUOLA  ELEMENTARE;VIA RISORGIMENTO -CASOLA;061022;Proprietà
EDI;IT061022000046;immobile PIF-25;SCUOLA  ELEMENTARE;VIA GIAQUINTO CASOLLA;061022;Proprietà
EDI;IT061022000047;immobile PF-26;SCUOLA MATERNA;"VIA DE CILLIS ""BOTTEGHELLE""";061022;Proprietà
EDI;IT061022000048;immobile PIF-27;SCUOLA MATERNA;VIA CIRCUMVALLAZIONE ERCOLE;061022;Proprietà
EDI;IT061022000049;immobile PIF-28;ASILO NIDO;VIALE CAPPIELLO (CE);061022;Proprietà
EDI;IT061022000050;immobile PIF-29;SCUOLA MEDIA GIANNONE;CORSO GIANNONE;061022;Proprietà
EDI;IT061022000051;immobile PIF-30;SCUOLA MEDIA ;VIA TRENTO;061022;Proprietà
EDI;IT061022000052;immobile PIF-31;SCUOLA MEDIA ;VIA RUGGIERO;061022;Proprietà
EDI;IT061022000053;immobile PIF-32;SCUOLA MEDIA ;VIALE MEDAGLIE D'ORO (CE);061022;Proprietà
EDI;IT061022000054;immobile PIF-33;SCUOLA MEDIA ;SAN LEUCIO;061022;Proprietà
EDI;IT061022000055;immobile PIF-34;SCUOLA MEDIA ;VIA RISORGIMENTO CASOLA;061022;Proprietà
EDI;IT061022000056;immobile PIF-35;ISTITUTO MAGISTRALE;VIA DE GASPERI;061022;Proprietà
EDI;IT061022000057;immobile PIF-36;ISTITUTO D'ARTE;SAN LEUCIO;061022;Proprietà
EDI;IT061022000058;immobile PIF-37;ISTITUTO PROFESSIONALE;VIA SETTEMBRINI;061022;Proprietà
EDI;IT061022000059;immobile PIF-38;ISTITUTO PROF.S.I.A.;VIA AMENDOLA;061022;Proprietà
EDI;IT061022000060;immobile PIF-39;SCUOLA MATERNA;VIA BENEVENTO;061022;Proprietà
EDI;IT061022000061;immobile PIF-40;SCUOLA  ELEMENTARE;P.ZA MADONNA DELLE GRAZIE;061022;Proprietà
EDI;IT061022000062;immobile PIF-41;SCUOLA MEDIA UNGARETTI;VIA RUTA CASOLLA;061022;Proprietà
EDI;IT061022000063;immobile PIF1-1;EX UFFICI PRETURA;Via Mazzini;061022;Proprietà
EDI;IT061022000064;immobile PIF1-2;PALAZZO VECCHIO;P.zza Vanvitelli ;061022;Proprietà
EDI;IT061022000065;immobile PIF1-3;TEATRO COMUNALE;Via Mazzini;061022;Proprietà
EDI;IT061022000066;immobile PIF1-4;PALAZZO MUNICIPALE;P.zza Vanvitelli ;061022;Proprietà
EDI;IT061022000067;immobile PIF1-5;EX ECA;Via Roma;061022;Proprietà
EDI;IT061022000068;immobile PIF1-6;CANILE MUNICIPALE;Ercole;061022;Proprietà
EDI;IT061022000069;immobile PIF1-7;EX BIBLIOTECA COMUNALE;Via Roma;061022;Proprietà
EDI;IT061022000070;immobile PIF1-8;IMMOBILE + GAZEBO;Via Della Ratta - Casola;061022;Proprietà
EDI;IT061022000071;immobile PIF1-9;BIBLIOTECA COMUNALE;Via Laviano;061022;Proprietà
EDI;IT061022000072;immobile PIF1-10;UNITA' ABITATIVA ;Via Assunta - Falciano;061022;Proprietà
EDI;IT061022000073;immobile PIF1-11;UNITA' ABITATIVA;Via S. Antonio;061022;Proprietà
EDI;IT061022000074;immobile PIF1-12;UNITA' ABITATIVA;Vaccheria - Il Bozzolo;061022;Proprietà
EDI;IT061022000075;immobile PIF1-13;IMMOBILE CASERTAVECCHIA;P.zza Vescov.nn.da6 a9;061022;Proprietà
EDI;IT061022000076;immobile PIF1-14;FABBRICATO;Via Leonardo;061022;Proprietà
EDI;IT061022000077;immobile PIF1-15;FABBRICATO;Via S. Carlo;061022;Proprietà
EDI;IT061022000078;immobile PIF1-16;EX CINEMATOGRAFO S.LEUCIO;P.zza Atrio ;061022;Proprietà
EDI;IT061022000079;immobile PIF1-17;TERRANEO S.LEUCIO;P.zza Atrio ;061022;Proprietà
EDI;IT061022000080;immobile PIF1-18;EX EDUCANDATO S. ANTIDA;Via S. Antida;061022;Proprietà
EDI;IT061022000081;immobile PIF1-19;EX ASILO S. GIUSEPPE;Via Mazzini;061022;Proprietà
EDI;IT061022000082;immobile PIF1-20;MERCATO COPERTO+PARCHEG.;p.zza Matteotti;061022;Proprietà
EDI;IT061022000083;immobile PIF1-21;MENDICICOMIO S. LUCIA;Via Giulia Centurano;061022;Proprietà
EDI;IT061022000084;immobile PIF1-22;EX CASERMA POLLIO;Via Vittorio Veneto;061022;Proprietà
EDI;IT061022000085;immobile PIF1-23;EX CASERMA SACCHI ;Via S. Gennaro Falciano;061022;Proprietà
EDI;IT061022000086;immobile PIF1-24;IMMOBILE A.F.C.A.M.;Via Vescovo Natale;061022;Proprietà
EDI;IT061022000087;immobile PIF1-25;LAVATOI  PUBBLICO;P.zza Madonna delle Grazie;061022;Proprietà
EDI;IT061022000088;immobile PIF1-26;POZZO;Via Casino Vecchio;061022;Proprietà
EDI;IT061022000089;immobile PIF1-27;FABBRICATO RURALI;Belvedere S.Leucio;061022;Proprietà
EDI;IT061022000090;immobile PIF1-28;CASA DEL TESSITORE;Via Giardini Reali;061022;Proprietà
EDI;IT061022000091;immobile PIF1-29;LAVATOI;A est Via Planelli;061022;Proprietà
EDI;IT061022000092;immobile PIF1-30;IMMOBILE (VILLA);Via Petrarelle 7;061022;Proprietà
EDI;IT061022000093;immobile PIF1-31;IMMOBILE (VILLA);Via Petrarelle ;061022;Proprietà
EDI;IT061022000094;immobile PIF1-32;PARCHEGGIO;P.zza IV Novembre;061022;Proprietà
EDI;IT061022000095;immobile PIF1-33;CHIESETTA S.MARIA MACERATA;Via Appia Antica;061022;Proprietà
EDI;IT061022000096;immobile PIF1-34;PARCHEGGIO;P.zza Carlo III;061022;Proprietà
EDI;IT061022000097;immobile PIF1-35;MANSARDA;Via Ragazzi del 99;061022;Proprietà
EDI;IT061022000098;immobile PIF1-36;LOCALI TERRANEI;Via Degli Oleandri,2;061022;Proprietà
EDI;IT061022000099;immobile PIF1-37;AMPLIAMENTO BALCONE;Via Croce,30;061022;Proprietà
EDI;IT061022000100;immobile PIF1-38;TETTOIA;Via Salvatores - Puccianiello;061022;Proprietà
EDI;IT061022000101;immobile PIF1-39;TETTOIA ;Via Acquaviva,40;061022;Proprietà
EDI;IT061022000102;immobile PIF1-40;LOCALE;Via A. Fusco,12 Casolla;061022;Proprietà
EDI;IT061022000103;immobile PIF1-41;LOCALE SEMINTERRATO;Via Sardegna,24 Aldifreda;061022;Proprietà
EDI;IT061022000104;immobile PIF1-42;PREFABBRICATO;Località Gradilli;061022;Proprietà
EDI;IT061022000105;immobile PIF1-43;BOX - DEPOSITO;Via Galatina,19 S. Clemente;061022;Proprietà
EDI;IT061022000106;immobile PIF1-44;MANUFATTI x BOX AUTO;Via Galatina -  S. Clemente;061022;Proprietà
EDI;IT061022000107;immobile PIF1-45;IMMOBILE;Via Appia Antica(Lo Uttaro);061022;Proprietà
EDI;IT061022000108;immobile PIF1-46;IMMOBILE;V.lla Salvatores;061022;Proprietà
EDI;IT061022000109;immobile PIF1-47;IMMOBILE;Via Camusso - Ercole;061022;Proprietà
EDI;IT061022000110;immobile PIF1-48;IMMOBILI;Via Giaquinto Casolla;061022;Proprietà
EDI;IT061022000111;immobile PIF1-49;IMMOBILE;Via Marconi ;061022;Proprietà
EDI;IT061022000112;immobile PIF1-50;IMMOBILE;Via Amalfi;061022;Proprietà
EDI;IT061022000113;immobile PIF1-51;IMMOBILE;Via Roma 50;061022;Proprietà
EDI;IT061022000194;abitazione;P.CO PRIMAVERA FABB. A/1;Via Pigna - Tuoro;061022;Proprietà
EDI;IT061022000195;abitazione;P.CO PRIMAVERA FABB.B 2;Via Pigna - Tuoro;061022;Proprietà
EDI;IT061022000196;abitazione;"FABBRICATO ""A""-""B""";Via Dietro Corte S.Clemente;061022;Proprietà
EDI;IT061022000197;abitazione;PARCO SCHIAVONE;via Giulia - Centurano;061022;Proprietà
EDI;IT061022000198;negozio;LOCALE COMMERCIALE ;Via TuratiI n.56;061022;Proprietà
EDI;IT061022000199;negozio;LOCALE COMMERCIALE ;Via Turati  N. 52 54;061022;Proprietà
EDI;IT061022000200;ufficio;LOCALI EX MERCATO ORT.;Via Delle Ville;061022;Proprietà
EDI;IT061022000201;ufficio;UFFICIO;P.zza Matteotti N.26;061022;Proprietà
EDI;IT061022000202;negozio;LOCALE COMMERCIALE ;Via Turati N.44;061022;Proprietà
EDI;IT061022000203;ufficio;UFFICIO;P.zza  Ruggiero -.1° piano;061022;Proprietà
EDI;IT061022000204;ufficio;UFFICI;Via Santagata;061022;Proprietà
EDI;IT061022000205;ufficio;POLIFUNZIONALE;S. Benedetto - Corpo A;061022;Proprietà
EDI;IT061022000206;circolo;POLIFUNZIONALE;S. Benedetto - Corpo B;061022;Proprietà
EDI;IT061022000207;palestra;POLIFUNZIONALE;S. Benedetto - Corpo C;061022;Proprietà
EDI;IT061022000208;circolo;CIVILE ABITAZIONE;Via Don Gangi P.co Cerasole;061022;Proprietà
EDI;IT061022000209;ufficio;EX SCUOLA ELEMENTARE;Via Martiri di Bellona;061022;Proprietà
EDI;IT061022000210;ufficio;EX SCUOLA MAT. - Corpo A;P.co Primavera;061022;Proprietà
EDI;IT061022000211;ufficio;EX SCUOLA MAT. - Corpo B;P.co Primavera;061022;Proprietà
EDI;IT061022000212;ufficio;EX GASOMETRO;Via D. Mondo n.7;061022;Proprietà
EDI;IT061022000213;loc.+area scoperta;EX GASOMETRO;Via D. Mondo n.7;061022;Proprietà
EDI;IT061022000214;Rett.+Consultorio;EX ONMI;V.le Beneduce;061022;Proprietà
EDI;IT061022000215;Ozanam - Bic;EX SAINT GOBAIN ;V.le Lamberti;061022;Proprietà
EDI;IT061022000216;ex scuola;EX SCUOLA MEDIA;Via Caruso - Centurano;061022;Proprietà
EDI;IT061022000217;Struttura Annonaria;STRUTTURA MERCATALE;v.le Ellittico;061022;Proprietà
EDI;IT061022000218;ufficio;EX SCUOLA ELEMENTARE;Via Falluti;061022;Proprietà
EDI;IT061022000219;ufficio;EX SCUOLA MATERNA ;Via Barducci;061022;Proprietà
EDI;IT061022000220;negozi;IMMOBILE (Interculturale);Via Mazzini;061022;Proprietà
EDI;IT061022000221;;EX ORFANOT. S.ANTONIO;Via S. Antonio;061022;Proprietà
EDI;IT061022000222;uffcio;CIVILE ABITAZIONE P.T.;Via Cilea - Centurano;061022;Proprietà
EDI;IT061022000223;ufficio;CIVILE ABITAZIONE 1°PIANO;Via Cilea - Centurano;061022;Proprietà
EDI;IT061022000224;ufficio;IMMOBILE (Comit. Quartiere);P.zza Cavour;061022;Proprietà
EDI;IT061022000225;Deposito;IMMOBILE;V.le  Lincoln;061022;Proprietà
EDI;IT061022000226;negozio;CHIOSCO (Lato via Mazzini);P.zza Vanvitelli;061022;Proprietà
EDI;IT061022000227;negozio;CHIOSCO (Lato C.so Giannone);P.zza Vanvitelli;061022;Proprietà
EDI;IT061022000228;delegazione;UFFICIO;Via D'Aquino;061022;Proprietà
EDI;IT061022000229;delegazione;UFFICIO;Via Giaquinto - Casolla;061022;Proprietà
EDI;IT061022000230;ex delegazione;UFFICIO;Via Grassi - Briano;061022;Proprietà
EDI;IT061022000231;delegazione;UFFICIO;Via Galatina - S.Clemente;061022;Proprietà
EDI;IT061022000232;imp. Industriale;FORO BOARIO e MACELLO;V.le Edison;061022;Proprietà
EDI;IT061022000233;n.2 Vani P.T.+Stalla ;IMMOBILE IN PRESENZANO;Via Amendola n.27/28/35;061022;Proprietà
EDI;IT061022000234;piano rialzato;IMMOBILE (EX C.I.F.);Via Tescione n.104/6;061022;Proprietà
EDI;IT061022000235;;QUOTE n.2 APPARTAMENTI;Via Lupoli ;061022;Proprietà
EDI;IT061022000236;;CANTINOLE-DEPOSITI;Via Ruta 46;061022;Proprietà
EDI;IT061022000237;;S.MARIA MACERATA;Via Appia;061022;Proprietà
EDI;IT061022000238;Inagibile;DEPOSITO EX CAS. SANDUIA;V.le Carlo III;061022;Proprietà
EDI;IT061022000239;;EX SCUOLA MATERNA ;Via Rossi Sommana;061022;Proprietà
EDI;IT061022000240;;EX SCUOLA VANVITELLI;Via Collecini;061022;Proprietà
INF;IT061022000001;immobile INF-1;STADIO COMUNALE PINTO;VIALE MEDAGLIE D'ORO;061022;Proprietà
INF;IT061022000002;immobile INF-2;CAMPO SPORT, S. COMMAIA;VIA SALVATORE COMMAIA;061022;Proprietà
INF;IT061022000003;immobile INF-3;STADIO DEL BASEBALL;VIA GALATINA - S. CLEMENTE;061022;Proprietà
INF;IT061022000004;immobile INF-4;PISCINA DENNERLEIN;CORSO GIANNONE;061022;Proprietà
INF;IT061022000005;immobile INF-5;TENNIS CLUB;VIA LAVIANO;061022;Proprietà
INF;IT061022000006;immobile INF-6;CAMPO NIKE;VIA G. M. BOSCO;061022;Proprietà
INF;IT061022000007;immobile INF-7;"PLAY GROUND ""NANDO GENTILE"" ";VIA G. M. BOSCO;061022;Proprietà
INF;IT061022000008;immobile INF-8;CAMPO DI CALCETTO;VIA MONTAGNA;061022;Proprietà
INF;IT061022000009;immobile INF-9;CAMPO DI CALCETTO;VIA EINAUDI;061022;Proprietà
INF;IT061022000010;immobile INF-10;CAMPI DI CALCETTO IPERION;VIA S. AUGUSTO;061022;Proprietà
INF;IT061022000011;immobile INF-11;CAMPO SPORTIVO TALAMONTI;VIA TALAMONTI;061022;Proprietà
INF;IT061022000012;immobile INF-12;CAMPO SPORT. POLIVAL.;TUORO;061022;Proprietà
INF;IT061022000013;immobile INF-13;I CIRCOLO DIDATT. DE AMICIS;CORSO GIANNONE;061022;Proprietà
INF;IT061022000014;immobile INF-14;II CIRCOLO DIDATT. RADICE;VIA ROMA;061022;Proprietà
INF;IT061022000015;immobile INF-15;III CIRCOLO DIDATT. KENNEDY;VIA KENNEDY;061022;Proprietà
INF;IT061022000016;immobile INF-16;IV CIRCOLO DIDATT. LORENZINI;VIALE CAPPIELLO;061022;Proprietà
INF;IT061022000017;immobile INF-17;SC. MED. D. ALIGHIERI;VIALE MEDAGLIE D'ORO;061022;Proprietà
INF;IT061022000018;immobile INF-18;SC. MED. UNGARETTI;P.CO DEGLI ARANCI ;061022;Proprietà
INF;IT061022000019;immobile INF-19;IMP. SPOTIVO PALAVIGNOLA;V.LE LAMBERTI;061022;Proprietà
INF;IT061022000020;immobile INF-20;PAL. GINNASTICA ARTISTICA;TUORO;061022;Proprietà
INF;IT061022000021;immobile INF-21;IMP. SPOTIVO FEUD.S.MARTINO;CASERTA;061022;Proprietà
TER;IT061022000114;Area a Verde Pubblico;VILLETTA  PADRE  PIO;Via Settembrini - Caserta;061022;Proprietà
TER;IT061022000115;Area a Verde Pubblico;VILLA P.CO DEL CORSO;C.so Trieste - Caserta;061022;Proprietà
TER;IT061022000116;Area a Verde Pubblico;VILLA COMUNALE;P.zza Vanvitelli - Caserta;061022;Proprietà
TER;IT061022000117;Area a Verde Pubblico;VILLETTA VIA AMATO;Via Amato;061022;Proprietà
TER;IT061022000118;Terreno ;TERRENO - EX DEPOSITO ;Zona Cimitero;061022;Proprietà
TER;IT061022000119;Area a Verde Pubblico;VILLA COMUNALE;Via Galilei ang. Via S.Carlo;061022;Proprietà
TER;IT061022000120;Area a Verde Pubblico;VILLETTA IN CASOLLA;Via De Renzis - P.zza Ricca;061022;Proprietà
TER;IT061022000121;Area a Verde Pubblico;VILLETTA MEZZANO;Via Parrocchia;061022;Proprietà
TER;IT061022000122;Area a Verde Pubblico;VILLETTA P.CO DEGLI ARANCI;Via Del Gelsomino;061022;Proprietà
TER;IT061022000123;Area a Verde Pubblico;VILLETTA P.CO CERASOLE;Via E. Laracca;061022;Proprietà
TER;IT061022000124;Area a Verde Pubblico;VILLETTA P:CO CERASOLE;Via Rossini;061022;Proprietà
TER;IT061022000125;Area a Verde Pubblico;VILLETTA BOTTEGHELLE;Via Fusco - Iannelli;061022;Proprietà
TER;IT061022000126;Area a Verde Pubblico;VILLETTA PITESTI;P.zza Pitesti ;061022;Proprietà
TER;IT061022000127;Area a Verde Pubblico;VILLETTA GEMITO;Via Gemito;061022;Proprietà
TER;IT061022000128;Area a Verde Pubblico;VILLETTA CATTANEO;P.zza Cattaneo;061022;Proprietà
TER;IT061022000129;Area a Verde Pubblico;VILLETTA TRENTO;Via Trento;061022;Proprietà
TER;IT061022000130;Area a Verde Pubblico;VILLETTA AVELLINO;Via Avellino;061022;Proprietà
TER;IT061022000131;Area a Verde Pubblico;VILLETTA DALLA CHIESA;P.zza Gen.Dalla Chiesa;061022;Proprietà
TER;IT061022000132;Area a Verde Pubblico;VILLETTA SALVO D'ACQUISTO;Via Buozzi;061022;Proprietà
TER;IT061022000133;Area a Verde Pubblico;VILLETTA NICOLA ZUPPA;Via Parrocchia - Tuoro;061022;Proprietà
TER;IT061022000134;Area a Verde Pubblico;VILLETTA VACCHERIA;Via R. Cappucio-Via Dosello;061022;Proprietà
TER;IT061022000135;Area a Verde Pubblico;VILLETTA S. LEUCIO;Giardini a Nord p.zza Belved.;061022;Proprietà
TER;IT061022000136;Area a Verde Pubblico;VILLETTA S. LEUCIO;Giardini a Nord p.zza Belved.;061022;Proprietà
TER;IT061022000137;Area a Verde Pubblico;VILLETTA S. LEUCIO;Giardini a Nord p.zza Belved.;061022;Proprietà
TER;IT061022000138;Area a Verde Pubblico;VILLETTA S. LEUCIO;Giardini a Est p.zza Belved.;061022;Proprietà
TER;IT061022000139;Area a Verde Pubblico;TERRENO;Giardini a Est p.zza Belved.;061022;Proprietà
TER;IT061022000140;Area a Verde Pubblico;TERRENO;Giardini a Est Via Planelli.;061022;Proprietà
TER;IT061022000141;Area a Verde Pubblico;TERRENO;Giardini a Est Via Planelli;061022;Proprietà
TER;IT061022000142;Area a Verde Pubblico;AREA A VERDE E PORTICATO;P.zza IV Novembre;061022;Proprietà
TER;IT061022000143;Area a Verde Pubblico;TERRENO;Giardini a Est via Planelli ;061022;Proprietà
TER;IT061022000144;Area a Verde Pubblico;TERRENO;Giardini a Ovest via Planelli ;061022;Proprietà
TER;IT061022000145;Area a Verde Pubblico;TERRENO;Giardini a Ovest via Planelli ;061022;Proprietà
TER;IT061022000146;Area a Verde Pubblico;TERRENO;Giardini a Ovest via Planelli ;061022;Proprietà
TER;IT061022000147;Terreno;TERRENO;A nord  via Giardini Reali;061022;Proprietà
TER;IT061022000148;Terreno;TERRENO;A nord  via Vaccheria;061022;Proprietà
TER;IT061022000149;Isola Ecologica;AREA;Via Cappuccini;061022;Proprietà
TER;IT061022000150;Isola Ecologica;AREA;Via Talamonti;061022;Proprietà
TER;IT061022000151;Isola Ecologica;AREA;V.le Lincoln II tratto;061022;Proprietà
TER;IT061022000152;Cisterne Acquedotto;TERRENI;Pied. Di Casolla;061022;Proprietà
TER;IT061022000153;Videosorveglianza;TERRENO CASERTAVECCHIA;Loc.S. Rocco-Teglia;061022;Proprietà
TER;IT061022000154;Pineta;TERRENO CASERTAVECCHIA;Via Della Pineta;061022;Proprietà
TER;IT061022000155;Area Pubblica;TERRENO ;R.ne Vanvitelli;061022;Proprietà
TER;IT061022000156;Area Pubblica;AREA MERCATINO;Via Ruggiero ;061022;Proprietà
TER;IT061022000157;Ex Mercatino;TERRENO;V.le Ellittico ;061022;Proprietà
TER;IT061022000158;Fiera Bisettimanale;AREA MERCATALE;Via Ruta;061022;Proprietà
TER;IT061022000159;;TERRENO TREDICI;Strada;061022;Proprietà
TER;IT061022000160;Area a Verde Pubblico;AREA P.ZZA AMICO;Via Roma - Via C. Battisti  ;061022;Proprietà
TER;IT061022000161;Aree Pubbliche;AREE LATERALI;Via Borsellino;061022;Proprietà
TER;IT061022000162;Area Pubblica;PASSAGGIO NATTA;L.go Quintavalle-P.zza Quasim.;061022;Proprietà
TER;IT061022000163;Arae a aVerde;TERRENO ;Via Catauli Briano ;061022;Proprietà
TER;IT061022000164;Monumento;AREA MONUMENTALE;Via Quercione Briano;061022;Proprietà
TER;IT061022000165;Area a Verde Pubblico;VILLETTA S. ANTIDA;Via S. Antida;061022;Proprietà
TER;IT061022000166;Area Pubblica;TERRENO S.BARBARA;P.zza S.Quasimodo ;061022;Proprietà
TER;IT061022000167;Area a Verde Pubblico;TERRENO BRIANO;Via Grassi Adiac.ex Delegaz.;061022;Proprietà
TER;IT061022000168;Area a Verde Pubblico;VILLETTA ;P.zza Po;061022;Proprietà
TER;IT061022000169;Area a Verde Pubblico;VILLETTA M. Carolina;V.le Ellittico ;061022;Proprietà
TER;IT061022000170;Area a Verde Pubblico;VILLETTA PUCCIANIELLO;Via Concezione;061022;Proprietà
TER;IT061022000171;Area a Verde Pubblico;VILLETTA B.V. LOURDES;Via Golgi - Largo Quintavalle;061022;Proprietà
TER;IT061022000172;camp. di basket;AREA VERDE;Via Grassi Adiac.ex Delegaz.;061022;Proprietà
TER;IT061022000173;Area a Verde Pubblico;VILLETTA COLLI TIFATA;Via Tifatina S. Barbara;061022;Proprietà
TER;IT061022000174;Area a Verde Pubblico;VILLETTA MART. VIA DAMELIO;Via Agnesi;061022;Proprietà
TER;IT061022000175;Area a Verde;VILLETTA;Caserta v.le Beneduce;061022;Proprietà
TER;IT061022000176;Terreno;TERRENO CASERM.SANDUIA;Via Appia Vle Carlo III;061022;Proprietà
TER;IT061022000177;Area a Verde Pubblico;VILLETTA;V.le Ellittico ;061022;Proprietà
TER;IT061022000178;Area Pubblica;AREA A VERDE;Via dei Ginepre;061022;Proprietà
TER;IT061022000179;Area a Verde;VILLETTA VACCHERIA;Via R. Cappuccio;061022;Proprietà
TER;IT061022000180;Cortile;AREA PUBBLICA;P.zza Madonna delle Grazie;061022;Proprietà
TER;IT061022000181;Terrazza - Belvedere;TERRAZZA;Casino Vecchio;061022;Proprietà
TER;IT061022000182;Orto Irriguo;GIARDINI;Belvedere S. Leucio;061022;Proprietà
TER;IT061022000183;Agrumeto;TERRENO;Belvedere S. Leucio;061022;Proprietà
TER;IT061022000184;Verde Pubblico;AREA A VERDE;Viale Degli Aranci ;061022;Proprietà
TER;IT061022000185;Serbatoio + Strada;TERRENO Loc. Montone;Casertavecchia;061022;Proprietà
TER;IT061022000186;Caserma Polizia Stradale;TERRENO ;Caserta Via delle Ville;061022;Proprietà
TER;IT061022000187;Seminativo;TERRENO;Belvedere S. Leucio;061022;Proprietà
TER;IT061022000188;;VILLETTA R.ne Acquaviva;Caserta  Via Arno;061022;Proprietà
TER;IT061022000189;Slargo Adiacente FF.SS;TERRENO;Via delle Camelie;061022;Proprietà
TER;IT061022000190;Confiscati Crim.Organiz.;TERRENI ;Loc. Vaccheria conf. Castel. M.;061022;Proprietà
TER;IT061022000191;;FONDI PASCOLATORI;Vaccheria;061022;Proprietà
TER;IT061022000192;Area a Verde Pubblico;AREA VERDE;Via Mendel;061022;Proprietà
TER;IT061022000193;;CAMPO CALCETTO;Via F. S. Martino;061022;Proprietà
TER;IT061022000241;immobile PDT-1;EX S.ANTIDE MARCIANISE;Loc. Fondo Laudini;061022;Proprietà
TER;IT061022000242;immobile PDT-2;EX S.ANTIDE S.MARCO EV.;Loc. S. Marco;061022;Proprietà
TER;IT061022000243;immobile PDT-3;TERRENO;Loc. Gradilli;061022;Proprietà
TER;IT061022000244;immobile PDT-4;FONDO S. MARIA MACERATA;Loc. S. Clemente;061022;Proprietà
TER;IT061022000245;immobile PDT-5;FONDO S. MARIA MACERATA;Loc. S. Clemente;061022;Proprietà
TER;IT061022000246;immobile PDT-6;TERRENO;Com.Capua- loc. Monte Rocca;061022;Proprietà
TER;IT061022000247;immobile PDT-7;TERRENO;Com.Capua- loc. Monte Rocca;061022;Proprietà
TER;IT061022000248;immobile PDT-8;TERRENO;Com.Capua- loc. Monte Rocca;061022;Proprietà
TER;IT061022000249;immobile PDT-9;TERRENO;Com.Capua- loc. Monte Rocca;061022;Proprietà
TER;IT061022000250;immobile PDT-10;TERRENO;Com.Capua- loc.Monte Rocca;061022;Proprietà
TER;IT061022000251;immobile PDT-11;TERRENO;Com.Capua- loc.Monte Rocca;061022;Proprietà
TER;IT061022000252;immobile PDT-12;TERRENO;S.Leucio - Panoramica;061022;Proprietà
TER;IT061022000253;immobile PDT-13;TERRENO;S.Leucio - Panoramica;061022;Proprietà
TER;IT061022000254;immobile PDT-14;TERRENO ;Garzano - Casa delle Brecce;061022;Proprietà
TER;IT061022000255;immobile PDT-15;TERRENO;Garzano - Casa delle Brecce;061022;Proprietà
TER;IT061022000256;immobile PDT-16;TERRENO;Via Graffer (Viabilandia);061022;Proprietà
TER;IT061022000257;immobile PDT-17;TERRENO MONTE MAINO;Pozzovetere;061022;Proprietà
TER;IT061022000258;immobile PDT-18;TERRENO MONTE MAINO;Pozzovetere;061022;Proprietà
TER;IT061022000259;immobile PDT-19;TERRENO;Pozzovetere;061022;Proprietà
TER;IT061022000260;immobile PDT-20;TERRENO S.AGNOLO;Pozzovetere;061022;Proprietà
TER;IT061022000261;immobile PDT-21;TERRENO;Ercole;061022;Proprietà
TER;IT061022000262;immobile PDT-22;TERRENO;Casola;061022;Proprietà
TER;IT061022000263;immobile PDT-23;TERRENO ;Pozzovetere;061022;Proprietà
TER;IT061022000264;immobile PDT-24;TERRENO LOC. RAPUGLIANO;Casola;061022;Proprietà
TER;IT061022000265;immobile PDT-25;TERRENO LOC. REPELLERO;Garzano ;061022;Proprietà
TER;IT061022000266;immobile PDT-26;TERRENO;P.zza Pitesti;061022;Proprietà
TER;IT061022000267;immobile PDT-27;TERRENO BERSAGLIO;S.Clemente;061022;Proprietà
TER;IT061022000268;immobile PDT-28;TERRENO + MANUFATTO;Via Madonelle S. Barbara;061022;Proprietà
TER;IT061022000269;immobile PDT-29;TERRENO EX S. ANTIDA;Tredici  ;061022;Proprietà
TER;IT061022000270;immobile PDT-30;TERRENO LE BOTTEGGHELLE;Casolla;061022;Proprietà
TER;IT061022000271;immobile PDT-31;TERRENO (SLARGO);S.Leucio;061022;Proprietà
TER;IT061022000272;immobile PDT-32;TERRENO;Via Fleming;061022;Proprietà
TER;IT061022000273;immobile PDT-33;TERRENI EX CAVE ;Via Com. Casertavecchia;061022;Proprietà
TER;IT061022000274;immobile PDT-34;TERRENO;Com.Capua - loc Monte Rocca;061022;Proprietà
TER;IT061022000275;immobile PDT-35;TERRENO ;Com.Capua -loc Monte Rocca ;061022;Proprietà
TER;IT061022000276;immobile PDT-36;TERRRENO;S. Leucio;061022;Proprietà
TER;IT061022000277;immobile PDT-37;TERRENO CASERTAVECCHIA;Loc. S.Rocco- Teglia;061022;Proprietà
TER;IT061022000278;immobile PDT-38;TERRENO EX S. GOBAIN;Caserta;061022;Proprietà
TER;IT061022000279;immobile PDT-39;TERRENO LOC. LO UTTARO ;Caserta;061022;Proprietà
TER;IT061022000280;immobile PDT-40;TERRENO LOC. LO UTTARO ;Caserta;061022;Proprietà
TER;IT061022000281;immobile PDT-41;TERRENO LOC. LO UTTARO ;Caserta;061022;Proprietà
TER;IT061022000282;immobile PDT-42;TERRENO LOC. LO UTTARO ;Caserta;061022;Proprietà
TER;IT061022000283;immobile PDT-43;TERRENO LOC. LO UTTARO ;Caserta;061022;Proprietà
TER;IT061022000284;immobile PDT-44;TERRENO LOC. LO UTTARO ;Caserta;061022;Proprietà
TER;IT061022000285;immobile PDT-45;TERRENO LOC. LO UTTARO ;Caserta;061022;Proprietà
TER;IT061022000286;immobile PDT-46;TERRENO LOC. LO UTTARO ;Caserta;061022;Proprietà
TER;IT061022000287;immobile PDT-47;TERRENO ;Loc.Monte Rocca;061022;Proprietà
TER;IT061022000288;immobile PDT-48;TERRENO;Loc.Monte Rocca - Caserta;061022;Proprietà
TER;IT061022000289;immobile PDT-49;TERRENO;Loc.Monte Rocca - Caserta;061022;Proprietà
TER;IT061022000290;immobile PDT-50;TERRENO;Loc.Monte Rocca - Caserta;061022;Proprietà
TER;IT061022000291;immobile PDT-51;TERRENO;Loc.Monte Rocca - Caserta;061022;Proprietà
TER;IT061022000292;immobile PDT-52;TERRENO;Loc.Monte Rocca - Caserta;061022;Proprietà
TER;IT061022000293;immobile PDT-53;TERRENO;Via Nazionale Appia ;061022;Proprietà
TER;IT061022000294;immobile PDT-54;TERRENO;V.le delle Querce;061022;Proprietà
TER;IT061022000295;immobile PDT-55;TERRENO;Via dei Ginepri;061022;Proprietà
TER;IT061022000296;immobile PDT-56;TERRENO;Via Giaquinto Casolla;061022;Proprietà
TER;IT061022000297;immobile PDT-57;AREA;Via Einaudi;061022;Proprietà
TER;IT061022000298;immobile PDT-58;AREE;Via Petrarelle ang.via Madonn;061022;Proprietà
TER;IT061022000299;immobile PDT-59;AREA;Via Dei Ginepri;061022;Proprietà
TER;IT061022000300;immobile PDT-60;TERRENO;Via Dei Ginepri;061022;Proprietà
TER;IT061022000301;immobile PDT-61;AREA;P.zza Pitesti;061022;Proprietà
TER;IT061022000302;immobile PDT-62;EX TRATTO FERROVIARIO;Via sud Piazza D'Armi;061022;Proprietà
TER;IT061022000303;immobile PDT-63;EX CASERMA BRIGNOLA;V,le Carlo III;061022;Proprietà
TER;IT061022000304;immobile PDT-64;EX CASERMA ANDOLFATO;Via Patturelli - V.le Beneduce;061022;Proprietà
TER;IT061022000305;immobile PDT-65;EX CASERMA SANDUIA;Via Ponteselice;061022;Proprietà
TER;IT061022000306;immobile PDT-66;TERRENO ;Tredici;061022;Proprietà
TER;IT061022000307;immobile PDT-67;AREA VERDE;Via Grassi (Ad. Ex Deleg.);061022;Proprietà
TER;IT061022000308;immobile PDT-68;TERRENO ;P.zza Pitesti;061022;Proprietà
