type_ownership;cod_building;Nome Edificio;Descrizione Edificio;Indirizzo;id_building;type_property;city
EDI;IT054009000007;LAVATOIO;TERRENO E FABBRICATO ;Via Cavour Petrignano del Lago;2233432;Proprietà;054009
EDI;IT054009000008;LAVATOIO;TERRENO E FABBRICATO ;Via della Vittoria  Petrignano del Lago;2233433;Proprietà;054009
EDI;IT054009000009;EX-CIRCOLO;TERRENO E FABBRICATO ;Via della Vittoria Petrignano del Lago;2233434;Proprietà;054009
EDI;IT054009000010;CIRCOLO (EX-ELEMENTARI);TERRENO E FABBRICATO ;Via Cavour   Petrignano del Lago;2233435;Proprietà;054009
EDI;IT054009000017;CIMITERO;TERRENO E FABBRICATO LA PARTICELLA NON COMPRENDE TUTTO IL CIMITERO E PART. LIMITROFE NON DI PROPRIETA  (NEANCHE AREA PARCHEGGIO);Loc. Giorgi    Petrignano del Lago;2233442;Proprietà;054009
EDI;IT054009000019;CIMITERO  ;TERRENO E FABBRICATO PORZIONE DI PARCHEGGIO NON DI PROPRIETA ;Piana;2233444;Proprietà;054009
EDI;IT054009000020;SCUOLA PER L'INFANZIA;TERRENO E FABBRICATO ;Piana;2233445;Proprietà;054009
EDI;IT054009000021;CIMITERO;TERRENO E FABBRICATO ;Pozzuolo;2233446;Proprietà;054009
EDI;IT054009000022;DEPURATORE;TERRENO ;Pozzuolo;2233447;Proprietà;054009
EDI;IT054009000024;MONUMENTO AI CADUTI E AREA VERDE;TERRENO ;Via della Libertà                          Piana;2233449;Proprietà;054009
EDI;IT054009000025;PARCHEGGIO;TERRENO ;Via Paganico                             Piana ;2233450;Proprietà;054009
EDI;IT054009000026;BANCHINA STRADALE LUNGO S.R.71;TERRENO ;S.R.71 (in prossimità curva aeroporto)         Castiglione del Lago;2233451;Proprietà;054009
EDI;IT054009000028;SCALINATA ED EDIFICIO BAGNI PUBBLICI;TERRENO E FABBRICATO ULTIMO TRATTO DI SCALINATA SU PARTICELLA NON DI PROPRIETA ;Via G. Galeotti                  Pozzuolo;2233453;Proprietà;054009
EDI;IT054009000029;CAMPO DELLA FIERA;TERRENO E FABBRICATO ;Via G. Galeotti                       Pozzuolo;2233454;Proprietà;054009
EDI;IT054009000032;EX-FONTI;FABBRICATO ;Via delle Fonti Vecchie                   Pozzuolo;2233457;Proprietà;054009
EDI;IT054009000033;EX-ELEMENTARI (CASA ALBERGO);TERRENO E FABBRICATO ;Via della Torre                     Pozzuolo;2233458;Proprietà;054009
EDI;IT054009000034;MONUMENTO AI CADUTI E GIARDINI PUBBLICI;TERRENO ;Piazza San Pietro Pozzuolo;2233459;Proprietà;054009
EDI;IT054009000035;SCUOLA;TERRENO E FABBRICATO  PRIMARIA E SECONDARIA DI I°GRADO 'FRANCO RASETTI', SCUOLA DELL'INFANZIA 'ARCOBALENO';Viale Milano                           Pozzuolo;2233460;Proprietà;054009
EDI;IT054009000036;CAMPO SPORTIVO                            'LEONARDO GIANNINI';TERRENO ;Viale Milano                               Pozzuolo;2233461;Proprietà;054009
EDI;IT054009000037;EDIFICIO RESIDENZIALE E PERTINENZA;TERRENO E FABBRICATO PROPRIETARIO SOLO DELL AREA;Viale Milano                            Pozzuolo;2233462;Proprietà;054009
EDI;IT054009000038;CABINA ELETTRICA;FABBRICATO ;Via Rasetti         Pozzuolo;2233463;Proprietà;054009
EDI;IT054009000042;CAPANNE IN MURATURA ;FABBRICATI IN STATO DI SEMI ABBANDONO E AREE DI PERTINENZA DI PROPRIETA  PRIVATA;Loc. Scopeti                          Pozzuolo;2233467;Proprietà;054009
EDI;IT054009000045;INCLUDE AREA TIRO A VOLO;TERRENO E FABBRICATI ;Loc. Scopeti                       Pozzuolo;2233470;Proprietà;054009
EDI;IT054009000054;EDIFICIO RESIDENZIALE E PERTINENZA;TERRENO E FABBRICATI PROPRIETARIO SOLO DELL AREA;Via Fratelli Rosselli Castiglione del Lago;2233479;Proprietà;054009
EDI;IT054009000055;EDIFICIO RESIDENZIALE E PERTINENZA;TERRENO E FABBRICATI PROPRIETARIO SOLO DELL AREA;Via Fratelli Rosselli Castiglione del Lago;2233480;Proprietà;054009
EDI;IT054009000056;EDIFICIO RESIDENZIALE E PERTINENZA;TERRENO E FABBRICATI PROPRIETARIO SOLO DELL AREA;Via Fratelli Rosselli Castiglione del Lago;2233481;Proprietà;054009
EDI;IT054009000063;IPSIA E TRATTO DI VIA DEL GIUNCO;TERRENO E FABBRICATO ;Via del Giunco Castiglione del Lago;2233488;Proprietà;054009
EDI;IT054009000065;POLO SCOLASTICO E SCUOLA DI MUSICA;TERRENO E FABBRICATO ;Via Buozzi  Via Carducci Castiglione del Lago;2233490;Proprietà;054009
EDI;IT054009000067;EX AEROPORTO ELEUTERI;TERRENO E FABBRICATI ;Via Firenze Castiglione del Lago;2233492;Proprietà;054009
EDI;IT054009000068;EX AEROPORTO ELEUTERI; C E  UNA PARTICELLA INTERNA  A PROPRIETA  COMUNALE DI PROPRIETA  DEL DEMANIO;Via Firenze Castiglione del Lago;2233493;Proprietà;054009
EDI;IT054009000069;INGRESSO EX AEROPORTO E AREA TRA EX AEROPORTO E QUARTIERE 'PRATI';TERRENO E FABBRICATO ;Via Firenze Castiglione del Lago;2233494;Proprietà;054009
EDI;IT054009000070;MURA CENTRO STORICO E ROCCA MEDIEVALE;FABBRICATO ;Centro Storico di Castiglione del Lago;2233495;Proprietà;054009
EDI;IT054009000071;INTERNO ROCCA MEDIEVALE;TERRENO ;Centro Storico di Castiglione del Lago;2233496;Proprietà;054009
EDI;IT054009000072;PALAZZO DELLA CORGNA;TERRENO E FABBRICATO ;Centro Storico di Castiglione del Lago;2233497;Proprietà;054009
EDI;IT054009000073;PIAZZA GRAMSCI;TERRENO  ;Centro Storico di Castiglione del Lago;2233498;Proprietà;054009
EDI;IT054009000074;OSPEDALE;TERRENO E FABBRICATO ;Centro Storico di Castiglione del Lago;2233499;Proprietà;054009
EDI;IT054009000075;SEDE POLIZIA MUNICIPALE E APT;FABBRICATO ;Piazza Mazzini Castiglione del Lago;2233500;Proprietà;054009
EDI;IT054009000076;TORRE DELL'OROLOGIO;FABBRICATO ;Piazza Mazzini Castiglione del Lago;2233501;Proprietà;054009
EDI;IT054009000077;CINEMA C. CAPORALI E PIAZZETTA SAN DOMENICO;TERRENO E FABBRICATO PARTICELLA 118 CORRISPONDE A FABBRICATO IN REALTA  DEMOLITO;Piazzetta San Domenico Castiglione del Lago;2233502;Proprietà;054009
EDI;IT054009000078;EDIFICIO EX-ELEMENTARI;TERRENO E FABBRICATO ;Via del Forte Castiglione del Lago;2233503;Proprietà;054009
EDI;IT054009000079;EX-ASILO REATTELLI-SEDE UNIVERSITA' PER I BENI DEMOETNOANTROPOLOGICI ;TERRENO E FABBRICATO E CORTILETTO IN VIA DELL'ASILO;Via dell'Asilo  Castiglione del Lago;2233504;Proprietà;054009
EDI;IT054009000080;AREA VERDE ED EX-DISTRETTO SANITARIO;TERRENO E FABBRICATO ;Via Belvedere Castiglione del Lago;2233505;Proprietà;054009
EDI;IT054009000089;EDIFICIO RESIDENZIALE E PERTINENZA;FABBRICATI ;Via XXV Aprile-Via Don R. Fressoia Castiglione del Lago;2233514;Proprietà;054009
EDI;IT054009000092;EX-DINETTE;TERRENO ;Via Lungolago Castiglione del Lago;2233517;Proprietà;054009
EDI;IT054009000093;PARCHEGGIO LIDO COMUNALE;TERRENO SOLO PARTE DEL PARCHEGGIO E  DI PROPRIETA  (MANCA LA PARTICELLA NUMERO 1373);Lido Comunale Castiglione del Lago;2233518;Proprietà;054009
EDI;IT054009000094;PARCHEGGIO DI VIA DEI PESCATORI E TRATTO DI VIALE DIV. PART. BRIG. GARIBALDI;TERRENO ;Via dei Pescatori-Viale Div.Part.Brig.Garibaldi Castiglione del Lago;2233519;Proprietà;054009
EDI;IT054009000095;EDIFICIO DESTINAZIONE D'USO RISTORANTE;TERRENO E FABBRICATO PARTICELLE 1457379381 DI PROPRIETA  DELLA REGIONE UMBRIA;Lido Comunale Castiglione del Lago;2233520;Proprietà;054009
EDI;IT054009000098;PARCHEGGIO PISCINA COMUNALE;TERRENO ALTRE AREE DA ACQUISIRE;Viale Trappes                                      Castiglione del Lago;2233523;Proprietà;054009
EDI;IT054009000099;PISCINA COMUNALE;TERRENO E FABBRICATO EDIFICIO NON ACCATASTATO;Viale Trappes                   Castiglione del Lago;2233524;Proprietà;054009
EDI;IT054009000100;VIA G. LEOPARDI E PARCHEGGIO;TERRENO RISULTA ANCORA PRESENTE EDIFICIO DEMOLITO;Via G. Leopardi Castiglione del Lago;2233525;Proprietà;054009
EDI;IT054009000102;CIRCOLO E AREA RETROSTANTE;TERRENO ;Via Castiglionese Casamaggiore;2233527;Proprietà;054009
EDI;IT054009000107;NEGOZIO FIORI PRESSO            PARCHEGGIO CIMITERO;TERRENO E FABBRICATO ;Via della Stazione Castiglione del Lago;2233532;Proprietà;054009
EDI;IT054009000108;CIMITERO;TERRENO E FABBRICATO PARCHEGGIO NON DI PROPRIETA                                         (PARTICELLE 2584258165555);Via della Stazione Castiglione del Lago;2233533;Proprietà;054009
EDI;IT054009000109;ARCHIVIO E PIAZZALE;TERRENO E FABBRICATO ;Via della Stazione Castiglione del Lago;2233534;Proprietà;054009
EDI;IT054009000116;PIAZZA DELL'AERONAUTICA(PARTE), ;TERRENO PARTE DI PIAZZA DELL AERONAUTICA E VIABILITA  LIMITROFA NON DI PROPRIETA ;Piazza dell'Aeronautica Castiglione del Lago;2233541;Proprietà;054009
EDI;IT054009000118;CAPANNONI CANTIERE COMUNALE E AREA VERDE ADIACENTE A VIA DE NICOLA;TERRENO E FABBRICATO ;Via De Nicola              Castiglione del Lago;2233543;Proprietà;054009
EDI;IT054009000121;FONTE;TERRENO E FABBRICATO ;Loc. San Lorenzo    Gioiella;2233546;Proprietà;054009
EDI;IT054009000122;EX-SCUOLE ELEMENTARI                                                     E CAMPO SPORTIVO;TERRENO E FABBRICATO ;Gioiella;2233547;Proprietà;054009
EDI;IT054009000127;FORNO COMUNALE;TERRENO E FABBRICATO EDIFICIO NON ACCATASTATO;Gioiella;2233552;Proprietà;054009
EDI;IT054009000128;MONUMENTO AI CADUTI;TERRENO E FABBRICATO ;Casamaggiore;2233553;Proprietà;054009
EDI;IT054009000129;CIMITERO;TERRENO E FABBRICATO ;Casamaggiore    Frattavecchia;2233554;Proprietà;054009
EDI;IT054009000130;MONUMENTO AI CADUTI;TERRENO E FABBRICATO ;Gioiella;2233555;Proprietà;054009
EDI;IT054009000132;CIMITERO;TERRENO E FABBRICATO ;Gioiella;2233557;Proprietà;054009
EDI;IT054009000133;STRADA, FOSSO E AREA EX-LAVATOIO;TERRENO ;Via delle Fonti                     Gioiella;2233558;Proprietà;054009
EDI;IT054009000134;RIMESSA;FABBRICATO ;Loc. Frattavecchia;2233559;Proprietà;054009
EDI;IT054009000135;CIRCOLO;TERRENO E FABBRICATO ;Loc. Frattavecchia;2233560;Proprietà;054009
EDI;IT054009000142;CIMITERO E TERRENO CIRCOSTANTE;TERRENO E FABBRICATO ;Loc. Guidonami                   Porto;2233567;Proprietà;054009
EDI;IT054009000143;EDIFICIO CON NEGOZI E ABITAZIONE;FABBRICATO ;Porto;2233568;Proprietà;054009
EDI;IT054009000145;CIRCOLO;TERRENO E FABBRICATO ;Porto;2233570;Proprietà;054009
EDI;IT054009000146;LAVATOIO (SOLO VASCHE);TERRENO STRADA  SPOSTATA E NON RIPORTATA IN CATASTO;Loc. Lopi di Sopra        Badia;2233571;Proprietà;054009
EDI;IT054009000147;CIMITERO;TERRENO E FABBRICATO ;Badia;2233572;Proprietà;054009
EDI;IT054009000149;CIRCOLO (EX-ELEMENTARI);TERRENO E FABBRICATO ;Badia;2233574;Proprietà;054009
EDI;IT054009000150;CAMPO SPORTIVO;TERRENO ;Badia;2233575;Proprietà;054009
EDI;IT054009000154;EDIFICIO E PERTINENZA;TERRENO E FABBRICATO DUBBIO, ANCORA DI PROPRIETA ?;Loc. Pescia;2233579;Proprietà;054009
EDI;IT054009000159;EDIFICIO E PERTINENZA;TERRENO E FABBRICATO ;Via della Repubblica  Pucciarelli;2233584;Proprietà;054009
EDI;IT054009000165;SCUOLA DELL'INFANZIA ;TERRENO E FABBRICATO ;Via Poggio del Sole Sanfatucchio;2233590;Proprietà;054009
EDI;IT054009000166;EDIFICI RESIDENZIALI E PERTINENZA;TERRENO E FABBRICATI PROPRIETARIO SOLO DELL AREA;Via Liguria      Sanfatucchio;2233591;Proprietà;054009
EDI;IT054009000168;CIMITERO;TERRENO E FABBRICATO ;Loc. San Felice Sanfatucchio;2233593;Proprietà;054009
EDI;IT054009000169;SERBATOIO ACCUMULO IDRICO ACQUEDOTTO;TERRENO ;Loc. San Felice Sanfatucchio;2233594;Proprietà;054009
EDI;IT054009000172;POLO SCOLASTICO E SPORTIVO;TERRENO E FABBRICATI SCUOLA PRIMARIA, ASILO NIDO, PALESTRA, SPOGLIATOI E CAMPI SPORTIVI;Via Piemonte    Via Trentino Sanfatucchio;2233597;Proprietà;054009
EDI;IT054009000179;CISTERNA ACQUEDOTTO;TERRENO E FABBRICATO EDIFICIO NON ACCATASTATO;Loc. Poggio Santa Maria;2233604;Proprietà;054009
EDI;IT054009000180;CIRCOLO (EX-ELEMENTARI);FABBRICATO TERRENO E  DI PROPRIETA  O NO?                                                 F.114 P.941 (PORZIONE DEL FABBRICATO) E  IN FASE DI ACQUISIZIONE;Via degli Eroi            Vaiano;2233605;Proprietà;054009
EDI;IT054009000181;POZZO;TERRENO ;Via Bassa                    Vaiano;2233606;Proprietà;054009
EDI;IT054009000182;LAVATOIO (SOLO VASCHE);TERRENO ;Loc. Fontanelle                   Vaiano;2233607;Proprietà;054009
EDI;IT054009000183;AREA VERDE E MONUMENTO AI CADUTI;TERRENO ;Via degli Eroi            Vaiano;2233608;Proprietà;054009
EDI;IT054009000184;CIMITERO;TERRENO E FABBRICATI PARTICELLA 333 IN FASE DI ACQUISIZIONE;Vaiano;2233609;Proprietà;054009
EDI;IT054009000187;AREA VERDE E MONUMENTO AI CADUTI;TERRENO NEL CATASTO RISULTA EDIFICIO, IN REALTA  NON C E ;Loc. Muffa                    Sanfatucchio;2233612;Proprietà;054009
EDI;IT054009000188;STRADA E RICICLERIA;TERRENO E FABBRICATO ;Loc. Pineta ;2233613;Proprietà;054009
EDI;IT054009000195;CIMITERO;TERRENO E FABBRICATI PARTICELLE INTERESSATE DA CIMITERO E PARCHEGGIO MA NON ACQUISITE: P. 134113491354;Via Trasimeno       Panicarola;2233620;Proprietà;054009
EDI;IT054009000196;CAMPO SPORTIVO;TERRENO E FABBRICATI ;Via Trasimeno       Panicarola;2233621;Proprietà;054009
EDI;IT054009000198;SCUOLA DELL'INFANZIA ;TERRENO E FABBRICATO ;Via degli Eroi            Vaiano;2233623;Proprietà;054009
EDI;IT054009000199;LAVATOIO (SOLO VASCHE) E POZZO;TERRENO  ;Loc. Cellaio               Vaiano;2233624;Proprietà;054009
EDI;IT054009000202;CIMITERO;TERRENO E FABBRICATO ;Via Verga                 Macchie;2233627;Proprietà;054009
EDI;IT054009000205;LAVATOIO E FONTE;TERRENO E FABBRICATO ;Via dei Partigiani    Villastrada;2233630;Proprietà;054009
EDI;IT054009000207;AREA VERDE E MONUMENTO AI CADUTI;TERRENO ;Via dei Partigiani    Villastrada;2233632;Proprietà;054009
EDI;IT054009000208;CIMITERO;TERRENO E FABBRICATO MANCA FRAZIONAMENTO SU MOSAICO CATASTO;Via dei Partigiani    Villastrada;2233633;Proprietà;054009
EDI;IT054009000209;EDIFICIO RESIDENZIALE E PERTINENZA ;TERRENO E FABBRICATO PROPRIETARIO SOLO DELL AREA;Via dei Partigiani    Villastrada;2233634;Proprietà;054009
EDI;IT054009000211;POZZO;TERRENO ;Via Ugo Foscolo           Macchie;2233636;Proprietà;054009
EDI;IT054009000212;CAMPO SPORTIVO;TERRENO E FABBRICATO ;Via Ugo Foscolo           Macchie;2233637;Proprietà;054009
EDI;IT054009000215;EDIFICIO RESIDENZIALE E PERTINENZA;TERRENO E FABBRICATO PROPRIETARIO SOLO DELL AREA;Via Petrarca                    Macchie;2233640;Proprietà;054009
EDI;IT054009000216;SCUOLA PER L'INFANZIA;TERRENO E FABBRICATO ;Piazza Santa Maria      Macchie;2233641;Proprietà;054009
EDI;IT054009000217;AREA VERDE E PISTA POLIVALENTE;TERRENO E FABBRICATO EDIFICIO NON ACCATASTATO;Piazza Santa Maria      Macchie;2233642;Proprietà;054009
INF;IT054009000106;INCROCIO DI VIA DELLA STAZIONE;TERRENO MANCANO PARTICELLE 6582166 E 2159;Via della Stazione Castiglione del Lago;2233531;Proprietà;054009
INF;IT054009000111;STRADA;TERRENO MANCA TRATTO VERSO VIA BUOZZI E PARTICELLA 599;Via Amendola                        Castiglione del Lago;2233536;Proprietà;054009
INF;IT054009000114;STRADA;TERRENO ;Via Togliatti                   Castiglione del Lago;2233539;Proprietà;054009
INF;IT054009000117;TRATTO STRADALE E INCROCIO                CON VIA ROMA;TERRENO TRATTO VERSO PIAZZA DELL AERONAUTICA                           NON DI PROPRIETA ;Via P. Nenni           Castiglione del Lago;2233542;Proprietà;054009
INF;IT054009000123;STRADA;TERRENO PARTICELLE 309310: NON E  DEFINITA LA PROPRIETA  MA FANNO PARTE DEL TRATTO STRADALE;Via Garibaldi           Gioiella;2233548;Proprietà;054009
INF;IT054009000125;TRATTO STRADALE E AREA VERDE;TERRENO ;Loc. San Lorenzo    Gioiella;2233550;Proprietà;054009
INF;IT054009000137;STRADA;TERRENO ;Loc. Frattavecchia;2233562;Proprietà;054009
INF;IT054009000138;STRADA E BANCHINA;TERRENO ;Loc. Cascina;2233563;Proprietà;054009
INF;IT054009000140;STRADA;TERRENO ;Loc. Cascina;2233565;Proprietà;054009
INF;IT054009000141;SVINCOLO E SOVRAPASSAGIO;TERRENO MANCANO DEI TRATTI NON ACQUISITI;Loc. Cascina;2233566;Proprietà;054009
INF;IT054009000153;STRADA (TRATTO);TERRENO ;Loc. Pescia ;2233578;Proprietà;054009
INF;IT054009000155;STRADA;TERRENO ;Loc. Pescia;2233580;Proprietà;054009
INF;IT054009000158;BANCHINA STRADALE;TERRENO ;Via della Repubblica  Pucciarelli;2233583;Proprietà;054009
INF;IT054009000160;STRADA;TERRENO PARTE DELL ATTUALE TRACCIATO DI VIA DELLA REPUBBLICA;Via della Repubblica  Pucciarelli;2233585;Proprietà;054009
INF;IT054009000162;STRADA;TERRENO ;Loc. Pescia;2233587;Proprietà;054009
INF;IT054009000170;STRADA (VIA ROMAGNA);TERRENO ;Via Romagna Sanfatucchio;2233595;Proprietà;054009
INF;IT054009000174;AREA VERDE E ANTENNA RETE ELETTRICA;TERRENO ;Loc. Carraia;2233599;Proprietà;054009
INF;IT054009000177;STRADA;TERRENO MANCA PARTICELLA 526, NON ACQUISITA MA E  PARTE DEL TRACCIATO;Loc. La Villa                    Gioiella;2233602;Proprietà;054009
INF;IT054009000178;STRADA;TERRENO ;Loc. La Villa                    Gioiella;2233603;Proprietà;054009
INF;IT054009000185;STRADA;TERRENO PARTE DEL TRACCIATO E  STATO SPOSTATO                            MA NON FRAZIONATO;Via Poggio del Sole  Vaiano;2233610;Proprietà;054009
INF;IT054009000191;SVINCOLO E BANCHINE;TERRENO ;Loc. Muffa                    Sanfatucchio;2233616;Proprietà;054009
INF;IT054009000192;PIAZZETTA PEDONALE;TERRENO ;Via Trasimeno             Panicarola;2233617;Proprietà;054009
INF;IT054009000193;BANCHINA STRADALE;TERRENO ;Via Trasimeno       Panicarola;2233618;Proprietà;054009
INF;IT054009000200;STRADA;TERRENO ;Via Bassa                    Vaiano;2233625;Proprietà;054009
INF;IT054009000201;BANCHINA STRADALE;TERRENO ;Loc. Muffa                    Sanfatucchio;2233626;Proprietà;054009
INF;IT054009000203;PARCHEGGIO (PORZIONE);TERRENO ;Piazza Balilla                Panicarola;2233628;Proprietà;054009
INF;IT054009000204;BANCHINA STRADALE;TERRENO ;Via Chiusi    Loc. Cimbano;2233629;Proprietà;054009
INF;IT054009000210;PONTE E SVINCOLO S.R.71;TERRENO COMPRENDE INOLTRE F.132 P.70;Loc. Collelungo Villastrada;2233635;Proprietà;054009
INF;IT054009000220;SVINCOLO S.R.71;TERRENO ;Loc. Collelungo Villastrada;2233645;Proprietà;054009
INF;IT054009000222;PONTE E BANCHINA  TERRENO;TERRENO ;Loc. Caioncola;2233647;Proprietà;054009
TER;IT054009000001;AREE PUBBLICHE PRESSO LOTTIZZAZIONE (N.8);TERRENO FRAZIONAMENTO NON RIPORTATO NEL MOSAICO CATASTO;Loc. Ferretto;2233426;Proprietà;054009
TER;IT054009000002;AREE PUBBLICHE PRESSO LOTTIZZAZIONE BADIACCIA (N.1);TERRENO CONTENZIOSO AREA VERDE OCCUPATA ;Loc. Badiaccia;2233427;Proprietà;054009
TER;IT054009000003;RELITTO STRADALE;TERRENO VECCHIO TRACCIATO STRADALE IN PROSSIMITA  DI ABITAZIONE, SPOSTATO (CON NUOVO FRAZ. FATTO);Loc. Ferretto;2233428;Proprietà;054009
TER;IT054009000004;TRATTO STRADALE;TERRENO DUE TRATTI CON UNA PARTICELLA DI DISCONTINUITA  NON DI PROPRIETA ;Loc. Ferretto;2233429;Proprietà;054009
TER;IT054009000005;TRATTI STRADALI E BANCHINE;TERRENO NUOVO BIVIO FRAZ. MA NON ACQUISITO;Loc. Ferretto;2233430;Proprietà;054009
TER;IT054009000006;PASCOLO;TERRENO ;Petrignano del Lago;2233431;Proprietà;054009
TER;IT054009000011;AREA VERDE    SPORTIVA;TERRENO ;Petrignano del Lago;2233436;Proprietà;054009
TER;IT054009000012;TERRENO COLTIVATO;TERRENO EX TRACCIATO STRADALE, SPOSTATO MA IL NUOVO NON E  FRAZIONATO;Petrignano del Lago;2233437;Proprietà;054009
TER;IT054009000013;RELITTO STRADALE;TERRENO EX TRACCIATO STRADALE;Loc. Bertoni                              Piana;2233438;Proprietà;054009
TER;IT054009000014;TRATTI STRADALI  ;TERRENO ;Loc. Trasimeno Primo;2233439;Proprietà;054009
TER;IT054009000015;BANCHINA STRADALE;TERRENO PARTICELLA 632 NON PRESENTE NEL MOSAICO CATASTO;Loc. Trasimeno Primo;2233440;Proprietà;054009
TER;IT054009000016;DEVIAZIONE TRACCIATO STRADALE;TERRENO ;Loc. Giorgi    Petrignano del Lago;2233441;Proprietà;054009
TER;IT054009000018;RELITTO STRADALE;TERRENO FRAZIONAMENTO NON PRESENTE NEL MOSAICO CATASTO E TRATTO DEVIATO NON ACQUISITO;Loc. Bologni ;2233443;Proprietà;054009
TER;IT054009000023;BOSCO CEDUO;TERRENO ;Loc. Scopeti                      Pozzuolo;2233448;Proprietà;054009
TER;IT054009000027;SCARPATA PRESSO SCALINATA E GIARDINI PUBBLICI;TERRENO ;Via G. Galeotti                Pozzuolo;2233452;Proprietà;054009
TER;IT054009000030;BANCHINA STRADALE;TERRENO ;Via G. Galeotti                   Pozzuolo;2233455;Proprietà;054009
TER;IT054009000031;BANCHINA STRADALE;TERRENO ;Via G. Galeotti                      Pozzuolo;2233456;Proprietà;054009
TER;IT054009000039;TERRENO;TERRENO ;Loc. Scopeti                       Pozzuolo;2233464;Proprietà;054009
TER;IT054009000040;STRADA;TERRENO ;Loc. Scopeti                           Pozzuolo;2233465;Proprietà;054009
TER;IT054009000041;TRATTO DI FOSSO;TERRENO ;Loc. Scopeti                     Pozzuolo;2233466;Proprietà;054009
TER;IT054009000043;BOSCO CEDUO;TERRENO ,;Loc. Scopeti                   Pozzuolo;2233468;Proprietà;054009
TER;IT054009000044;BOSCO CEDUO;TERRENO ;Loc. Scopeti                    Pozzuolo;2233469;Proprietà;054009
TER;IT054009000046;SEDE STRADALE;TERRENO TRATTO TRAVIA CARDUCCI E PIAZZA UNGARETTI;Via Carducci               Castiglione del Lago;2233471;Proprietà;054009
TER;IT054009000047;PARCHEGGIO, STRADA E AREA VERDE;TERRENO AREE PUBBLICHE PRESSO LOTTIZZAZIONE (N.1336);Via Ugo La Malfa                    Via C. Alvaro              Castiglione del Lago;2233472;Proprietà;054009
TER;IT054009000048;DEPURATORE;TERRENO ;Loc. Soccorso;2233473;Proprietà;054009
TER;IT054009000049;STRADA (VIA DELLE GENZIANE);TERRENO ALTRE PARTICELLE STRADALI NEI PRESSI DELL INCROCIO MA NON DI PROPRIETA ;Loc. Soccorso;2233474;Proprietà;054009
TER;IT054009000050;AREE PUBBLICHE PRESSO LOTTIZZAZIONE (N.52);TERRENO CI SONO ALTRE AREE PUBBLICHE DA ACQUISIRE NELLA LOTTIZZAZIONE ;Viale Umbria    Via Giovanni XXIII Castiglione del Lago;2233475;Proprietà;054009
TER;IT054009000051;TERRENO;TERRENO ;Via Firenze                  Castiglione del Lago;2233476;Proprietà;054009
TER;IT054009000052;AREA VERDE  ;TERRENO ;Via Carducci Castiglione del Lago;2233477;Proprietà;054009
TER;IT054009000053;AREE PUBBLICHE URBANE (PARCHEGGIO E VERDE);TERRENO ;Via Fratelli Cervi Castiglione del Lago;2233478;Proprietà;054009
TER;IT054009000057;TRATTO DI VIA ROSSELLI - TRA VIA FIRENZE E INCROCIO VIA CARDUCCI;TERRENO ;Via Fratelli Rosselli Castiglione del Lago;2233482;Proprietà;054009
TER;IT054009000058;TRATTO DI VIA ROSSELLI - TRA INCROCIO VIA CARDUCCI E VIA BUOZZI;TERRENO ;Via Fratelli Rosselli Castiglione del Lago;2233483;Proprietà;054009
TER;IT054009000059;AREE PUBBLICHE PRESSO LOTTIZZAZIONE (N.38);TERRENO ;Via Fratelli Rosselli Castiglione del Lago;2233484;Proprietà;054009
TER;IT054009000060;AREE PUBBLICHE PRESSO LOTTIZZAZIONE (N.47-94);TERRENO FRAZIONAMENTO DI UNA PORZIONE NON RIPORTATO NEL MOSAICO CATASTO;Via Fratelli Rosselli Castiglione del Lago;2233485;Proprietà;054009
TER;IT054009000061;SEDE STRADALE E PARTE MARCIAPIEDI;TERRENO MANCA UNA PARTE DI STRADA, FRAZIONATO MA NON DI PROPRIETA ;Via Turati                      Castiglione del Lago;2233486;Proprietà;054009
TER;IT054009000062;RELITTO STRADALE;TERRENO ALL INTERNO DI QUARTIERE ABITATO                                (STRADA DEVIATA);Via Turati                      Castiglione del Lago;2233487;Proprietà;054009
TER;IT054009000064;AREE PUBBLICHE PRESSO LOTTIZZAZIONE (N.97-41);TERRENO NELLA LOTTIZZAZIONE CI SARANNO ALTRE AREE DA ACQUISIRE;Via Carducci  Via del Giunco - Castiglione del Lago;2233489;Proprietà;054009
TER;IT054009000066;CAMPO SPORTIVO, CAMPI DA TENNIS E TRATTO DI VIALE UMBRIA E VIALE TRAPPES;TERRENO NUMERI DI PARTICELLE AGGIORNATI;Viale Umbria  Viale Trappes  Castiglione del Lago;2233491;Proprietà;054009
TER;IT054009000081;OLIVETO PALAZZO DELLA CORGNA;TERRENO ;Centro Storico di Castiglione del Lago;2233506;Proprietà;054009
TER;IT054009000082;AREA VERDE;TERRENO ;Via Belvedere Castiglione del Lago;2233507;Proprietà;054009
TER;IT054009000083;OLIVETO COMUNALE, TRA VIA BELVEDERE E MURA URBICHE;TERRENO ;Via Belvedere Castiglione del Lago;2233508;Proprietà;054009
TER;IT054009000084;OLIVETO COMUNALE E POGGIO;TERRENO ;Via Belvedere e Poggio Castiglione del Lago;2233509;Proprietà;054009
TER;IT054009000085;OLIVETO COMUNALE, POGGIO;TERRENO ;Via Belvedere e Poggio Castiglione del Lago;2233510;Proprietà;054009
TER;IT054009000086;TERRENO IN PROSSIMITA' DELL'INCROCIO, A FIANCO DI CABINA ENEL;TERRENO ;Via XXV Aprile-Viale Garibaldi Castiglione del Lago;2233511;Proprietà;054009
TER;IT054009000087;PERTINENZA EDIFICIO E TRATTO DI VIA DON R. FRESSOIA;TERRENO ;Via XXV Aprile-Via Don R. Fressoia Castiglione del Lago;2233512;Proprietà;054009
TER;IT054009000088;PERTINENZA EDIFICIO  ;TERRENO PROPRIETARIO PER SOLO 1  4;Via XXV Aprile-Via Don R. Fressoia Castiglione del Lago;2233513;Proprietà;054009
TER;IT054009000090;TERRENO;TERRENO PROPRIETARIO PER 1  2;Via del Pozzino Castiglione del Lago;2233515;Proprietà;054009
TER;IT054009000091;LUNGOLAGO (AREA INCROCIO TRA VIA LUNGOLAGO E VIA DEL POZZINO);TERRENO PARTICELLA 420  CHE DIVIDE PROPRIETA  COMUNALE E  DI UN PRIVATO;Via Lungolago Castiglione del Lago;2233516;Proprietà;054009
TER;IT054009000096;AREA VERDE PRESSO LIDO COMUNALE;TERRENO ALCUNE PARTICELLE DI PROPRIETA  PRIVATA  FABBRICATI DEMOLITI INDICATI NEL CATASTO;Viale Div.Part. Brig.Garibaldi Castiglione del Lago;2233521;Proprietà;054009
TER;IT054009000097;LUNGOLAGO AREA EX POTABILIZZATORE;TERRENO E FABBRICATO PROPRIETARIO DEL FABBRICATO E COMPROPRIETARIO DEL TERRENO;Via Lungolago Castiglione del Lago;2233522;Proprietà;054009
TER;IT054009000101;AREE PUBBLICHE PRESSO LOTTIZZAZIONE (N.84);TERRENO PARTICELLE 636637638 IN FASE DI ACQUISIZIONE;Via XXVIII Giugno Casamaggiore;2233526;Proprietà;054009
TER;IT054009000103;TERRENO INCOLTO;TERRENO ;Loc. Vitellino;2233528;Proprietà;054009
TER;IT054009000104;AREE PUBBLICHE PRESSO LOTTIZZAZIONE (N.23);TERRENO FORSE CI SONO ALTRE AREE PUBBLICHE DA ACQUISIRE NELLA LOTTIZZAZIONE ;Loc. Bagnolo-Soccorso;2233529;Proprietà;054009
TER;IT054009000105;PORZIONE DI AREA VERDE                                E INCROCIO DI VIA DELLA STAZIONE;TERRENO ;Via della Stazione Castiglione del Lago;2233530;Proprietà;054009
TER;IT054009000110;TERRENO E TRATTO STRADALE;TERRENO ;Via Novella                                    Castiglione del Lago;2233535;Proprietà;054009
TER;IT054009000112;AREE PUBBLICHE PRESSO LOTTIZZAZIONE (N.15-58);TERRENO ;Via Mameli          Castiglione del Lago;2233537;Proprietà;054009
TER;IT054009000113;AREA VERDE;TERRENO ;Via Amendola                      Castiglione del Lago;2233538;Proprietà;054009
TER;IT054009000115;AREE PUBBLICHE PRESSO LOTTIZZAZIONE (N.64);TERRENO PARTICELLA N.1169 PRESSO INCROCIO CON VIA ALDO MORO NON ACQUISITA;Via Sandro Pertini Castiglione del Lago;2233540;Proprietà;054009
TER;IT054009000119;PRATO;TERRENO ;Viale Div.Part. Brig.Garibaldi Castiglione del Lago;2233544;Proprietà;054009
TER;IT054009000120;RELITTO STRADALE;TERRENO PARTICELLE 546547 SONO RELITTO STRADALE MA SENZA PROPRIETARIO;Loc. Binami;2233545;Proprietà;054009
TER;IT054009000124;AREA VERDE;TERRENO ;Loc. San Lorenzo    Gioiella;2233549;Proprietà;054009
TER;IT054009000126;CROSSODROMO                                                               E PRATO  PARCHEGGIO;TERRENO E FABBRICATI PARTICELLE 187188 PROPRIETA  SUPERFICIARIA DI CARTESIO ENERGIA S.R.L.;Gioiella;2233551;Proprietà;054009
TER;IT054009000131;PRATO;TERRENO ;Gioiella;2233556;Proprietà;054009
TER;IT054009000136;RELITTO STRADALE;TERRENO ALL INTERNO DI GIARDINO PROPRIETA  PRIVATA;Loc. Frattavecchia;2233561;Proprietà;054009
TER;IT054009000139;RELITTO STRADALE E TRATTO DI SVINCOLO STRADALE ;TERRENO ;Loc. Cascina;2233564;Proprietà;054009
TER;IT054009000144;RELITTO STRADALE;TERRENO TRATTO DEVIATO NON ACQUISITO;Loc. Cappannelle            Porto;2233569;Proprietà;054009
TER;IT054009000148;AREA LIMITROFA LAVATOIO,                  BOSCHETTO E TERRENO COLTIVATO;TERRENO ;Badia;2233573;Proprietà;054009
TER;IT054009000151;AREA VERDE;TERRENO ;Badia;2233576;Proprietà;054009
TER;IT054009000152;RELITTO STRADALE;TERRENO ;Badia;2233577;Proprietà;054009
TER;IT054009000156;AREE PUBBLICHE PRESSO LOTTIZZAZIONE 'LA PIAGGIOLA' (N.5);TERRENO FRAZIONAMENTO DI UNA PORZIONE NON RIPORTATO NEL MOSAICO CATASTO;Via C. Colombo  Pucciarelli;2233581;Proprietà;054009
TER;IT054009000157;TERRENO COLTIVATO ;TERRENO FRAZIONAMENTO PER SPOSTAMENTO TRACCIATO STRADA VICINALE  NON REALIZZATO  DA VIA DELLA REPUBBLICA A STRADA VICINALE DEL POGGETTO;Via della Repubblica  Pucciarelli;2233582;Proprietà;054009
TER;IT054009000161;AREE PUBBLICHE PRESSO LOTTIZZAZIONE 'LACAIOLI' (N.34);TERRENO FORSE CI SONO ALTRE AREE PUBBLICHE DA ACQUISIRE NELLA LOTTIZZAZIONE ;Via C. Colombo  Pucciarelli;2233586;Proprietà;054009
TER;IT054009000163;AREE PUBBLICHE PRESSO LOTTIZZAZIONE (N.70);TERRENO ;Via Marco Polo Pucciarelli;2233588;Proprietà;054009
TER;IT054009000164;AREA VERDE;TERRENO ;Via Belveduto Sanfatucchio;2233589;Proprietà;054009
TER;IT054009000167;PERTINENZE EDIFICI, TERRENO COLTIVATO E TRATTO DI VIA LIGURIA;TERRENO ;Via Liguria      Sanfatucchio;2233592;Proprietà;054009
TER;IT054009000171;TERRENO E ANNESSI;TERRENO E FABBRICATI SEMBRA SIA RICOMPRESO IN GIARDINO PRIVATO;Via Trentino   Via del Giglio  Sanfatucchio;2233596;Proprietà;054009
TER;IT054009000173;STRADA E AREA VERDE PRESSO AREA INDUSTRIALE ;TERRENO ;Loc. Lacaioli        Pucciarelli;2233598;Proprietà;054009
TER;IT054009000175;EX-TRACCIATO STRADALE, SPOSTATO ;TERRENO NUOVO TRACCIATO NON FRAZIONATO;Via Romea                               Loc. Carraia;2233600;Proprietà;054009
TER;IT054009000176;TERRENO INCOLTO;TERRENO ;Via Romea                                  Loc. Carraia;2233601;Proprietà;054009
TER;IT054009000186;EX-TRACCIATO STRADALE, SPOSTATO ;TERRENO NUOVO TRACCIATO FRAZIONATO, MA NON ACQUISITO;Loc. Poggio del Sole    Loc. Bracacci ;2233611;Proprietà;054009
TER;IT054009000189;AREE PUBBLICHE PRESSO LOTTIZZAZIONE (N.54);TERRENO CI SONO ALTRE AREE DA ACQUISIRE;Loc. Pineta ;2233614;Proprietà;054009
TER;IT054009000190;TERRENO IN PROSSIMITA' DEL SOTTOPASSAGGIO;TERRENO ;Loc. Colonnetta Sanfatucchio;2233615;Proprietà;054009
TER;IT054009000194;TERRENO INCOLTO;TERRENO ADIACENTE EX TRACCIATO STRADALE;Via Romea                                 Loc. Carraia;2233619;Proprietà;054009
TER;IT054009000197;SEMINATIVO ARBOREO;TERRENO ;Via Trasimeno       Panicarola;2233622;Proprietà;054009
TER;IT054009000206;TERRENO (ESTERNO RECINZIONE CAMPO SPORTIVO);TERRENO ;Campo sportivo Villastrada ;2233631;Proprietà;054009
TER;IT054009000213;AREE PUBBLICHE PRESSO LOTTIZZAZIONE (N.14);TERRENO ;Via Ugo Foscolo                Macchie;2233638;Proprietà;054009
TER;IT054009000214;AREE PUBBLICHE PRESSO LOTTIZZAZIONE 'PEEP MACCHIE' (N.6);TERRENO PARTICELLE LIMITROFE DOVREBBERO ESSERE DI PROPRIETA  COMUNALE MA NON RISULTANO;Via Petrarca                    Macchie;2233639;Proprietà;054009
TER;IT054009000218;AREE PUBBLICHE PRESSO LOTTIZZAZIONE (N.14);TERRENO ;Via Verga                 Macchie;2233643;Proprietà;054009
TER;IT054009000219;TERRENO;TERRENO MICROPARTICELLA IN MEZZO A PROPRIETA  PRIVATE;Via Verga                 Macchie;2233644;Proprietà;054009
TER;IT054009000221;EX TRACCIATO STRADALE;TERRENO NUOVO TRACCIATO GIA  FRAZIONATO;Loc. Val del Sasso    Le Coste ;2233646;Proprietà;054009
